Sample name,labels
T_004,nHCC
T_005,Adj.Norm
T_010,nHCC
T_011,Adj.Norm
T_018,nHCC
T_019,Adj.Norm
T_025,nHCC
T_026,Adj.Norm
T_031,nHCC
T_032,Adj.Norm
T_038,nHCC
T_039,Adj.Norm
T_042,nHCC
T_043,Adj.Norm
T_045,nHCC
T_046,Adj.Norm
T_048,nHCC
T_049,Adj.Norm
T_051,nHCC
T_052,Adj.Norm
T_053,nHCC
T_054,Adj.Norm
T_056,nHCC
T_057,Adj.Norm
T_059,nHCC
T_060,Adj.Norm
T_061,nHCC
T_062,Adj.Norm
T_063,nHCC
T_064,Adj.Norm
T_066,nHCC
T_067,Adj.Norm
T_069,nHCC
T_070,Adj.Norm
T_071,nHCC
T_072,Adj.Norm
T_074,nHCC
T_075,Adj.Norm
T_077,nHCC
T_078,Adj.Norm
T_080,nHCC
T_081,Adj.Norm
T_082,nHCC
T_083,Adj.Norm
T_084,nHCC
T_085,Adj.Norm
T_087,nHCC
T_088,Adj.Norm
T_090,nHCC
T_091,Adj.Norm
T_093,nHCC
T_094,Adj.Norm
T_096,nHCC
T_097,Adj.Norm
T_098,nHCC
T_099,Adj.Norm
T_101,nHCC
T_102,Adj.Norm