sample,group
28813,control
28817,control
28871,control
29052,control
29058,control
29174,control
29192,control
29193,control
29673,control
29675,control
29682,control
29871,control
29884,control
29889,control
30124,control
30132,control
30149,control
30472,control
30494,control
31079,control
31083,control
31341,control
31352,control
31763,control
28812,case
28872,case
28938,case
28940,case
29050,case
29055,case
29056,case
29671,case
29672,case
29680,case
29887,case
30474,case
30477,case
30492,case
30496,case
31067,case
31068,case
31342,case
31346,case
31353,case