[
  {
    "operators": {
      "2": {
        "properties": {
          "title": "Data Upload",
          "inputs": {},
          "outputs": {
            "output_0": {
              "label": "Output "
            }
          }
        },
        "left": 60,
        "top": 80
      },
      "3": {
        "properties": {
          "title": "Mass-Based Search",
          "inputs": {
            "input_0": {
              "label": "Input"
            }
          },
          "outputs": {
            "output_0": {
              "label": "Output "
            }
          }
        },
        "left": 260,
        "top": 80
      },
      "4": {
        "properties": {
          "title": "IF-THEN Rule",
          "inputs": {
            "input_0": {
              "label": "Input"
            }
          },
          "outputs": {
            "output_0": {
              "label": "Output "
            }
          }
        },
        "left": 460,
        "top": 80
      },
      "5": {
        "properties": {
          "title": "Isotopic Pattern Analysis",
          "inputs": {
            "input_0": {
              "label": "Input"
            }
          },
          "outputs": {
            "output_0": {
              "label": "Output "
            }
          }
        },
        "left": 660,
        "top": 80
      },
      "6": {
        "properties": {
          "title": "Network-Based Annotation",
          "inputs": {
            "input_0": {
              "label": "Input"
            }
          },
          "outputs": {
            "output_0": {
              "label": "Output "
            }
          }
        },
        "left": 860,
        "top": 80
      }
    },
    "links": {
      "1": {
        "fromOperator": 2,
        "fromConnector": "output_0",
        "toOperator": 3,
        "toConnector": "input_0"
      },
      "2": {
        "fromOperator": 3,
        "fromConnector": "output_0",
        "toOperator": 4,
        "toConnector": "input_0"
      },
      "3": {
        "fromOperator": 4,
        "fromConnector": "output_0",
        "toOperator": 5,
        "toConnector": "input_0"
      },
      "4": {
        "fromOperator": 5,
        "fromConnector": "output_0",
        "toOperator": 6,
        "toConnector": "input_0"
      }
    },
    "operatorTypes": {}
  },
  {
    "0": {
      "tolerance": 10,
      "mode": 1,
      "adductsList": [
        "M+H"
      ]
    },
    "1": {},
    "2": {
      "tolerance": 10,
      "mode": 1,
      "adductsList": [
        "M+H"
      ]
    },
    "3": {},
    "4": [
      "0",
      "1",
      "2"
    ],
    "5": {},
    "6": {
      "NetGraph": false
    }
  },
  {
    "0": [
      "Data Upload",
      -2,
      [
        "Data Upload"
      ],
      []
    ],
    "1": [
      "Spectral Matching",
      -2,
      [
        "Data Upload",
        "Spectral Matching"
      ],
      []
    ],
    "2": [
      "Data Upload",
      -2,
      [
        "Data Upload"
      ],
      []
    ],
    "3": [
      "Mass-Based Search",
      -2,
      [
        "Data Upload",
        "Mass-Based Search"
      ],
      []
    ],
    "4": [
      "IF-THEN Rule",
      -1,
      [
        "Data Upload",
        "Mass-Based Search",
        "IF-THEN Rule"
      ],
      [
        "0",
        "1",
        "2"
      ]
    ],
    "5": [
      "Isotopic Pattern Analysis",
      -2,
      [
        "Data Upload",
        "Mass-Based Search",
        "IF-THEN Rule",
        "Isotopic Pattern Analysis"
      ],
      [
        "0",
        "1",
        "2"
      ]
    ],
    "6": [
      "Network-Based Annotation",
      -1,
      [
        "Data Upload",
        "Mass-Based Search",
        "IF-THEN Rule",
        "Isotopic Pattern Analysis",
        "Network-Based Annotation"
      ],
      [
        "0",
        "1",
        "2"
      ]
    ]
  }
]