[
  {
    "operators": {
      "0": {
        "properties": {
          "title": "Data Upload",
          "inputs": {},
          "outputs": {
            "output_0": {
              "label": "Output "
            }
          }
        },
        "left": 20,
        "top": 40
      },
      "1": {
        "properties": {
          "title": "Spectral Matching",
          "inputs": {
            "input_0": {
              "label": "Input"
            }
          },
          "outputs": {
            "output_0": {
              "label": "Output "
            }
          }
        },
        "left": 200,
        "top": 40
      },
      "2": {
        "properties": {
          "title": "IF-THEN Rule",
          "inputs": {
            "input_0": {
              "label": "Input"
            }
          },
          "outputs": {
            "output_0": {
              "label": "Output "
            }
          }
        },
        "left": 380,
        "top": 40
      }
    },
    "links": {
      "0": {
        "fromOperator": 0,
        "fromConnector": "output_0",
        "toOperator": 1,
        "toConnector": "input_0"
      },
      "1": {
        "fromOperator": 1,
        "fromConnector": "output_0",
        "toOperator": 2,
        "toConnector": "input_0"
      }
    },
    "operatorTypes": {}
  },
  {
    "0": {
      "tolerance": 10,
      "mode": 1,
      "adductsList": [
        "M+H"
      ]
    },
    "1": {},
    "2": [
      "0",
      "1",
      "2"
    ]
  },
  {
    "0": [
      "Data Upload",
      -2,
      [
        "Data Upload"
      ],
      []
    ],
    "1": [
      "Spectral Matching",
      -2,
      [
        "Data Upload",
        "Spectral Matching"
      ],
      []
    ],
    "2": [
      "IF-THEN Rule",
      -1,
      [
        "Data Upload",
        "Spectral Matching",
        "IF-THEN Rule"
      ],
      [
        "0",
        "1",
        "2"
      ]
    ]
  }
]